epoch,lr-AdamW,step,test_acc,test_f1,test_loss,test_precision,test_recall,train_acc,train_f1,train_loss,train_precision,train_recall,val_acc,val_f1,val_loss,val_precision,val_recall
,0.001,0,,,,,,,,,,,,,,,
0,,3,,,,,,,,,,,0.0,0.0,3.26725697517395,0.0,0.0
0,,3,,,,,,0.043103449046611786,0.004500109236687422,3.256920576095581,0.0024341484531760216,0.03756265714764595,,,,,
,0.001,4,,,,,,,,,,,,,,,
1,,7,,,,,,,,,,,0.03333333507180214,0.005370370578020811,3.3421943187713623,0.002843137364834547,0.04833333566784859
1,,7,,,,,,0.06034482643008232,0.00999852828681469,3.2252328395843506,0.006148782093077898,0.05604575574398041,,,,,
,0.001,8,,,,,,,,,,,,,,,
2,,11,,,,,,,,,,,0.0,0.0,3.3047378063201904,0.0,0.0
2,,11,,,,,,0.06896551698446274,0.009767540730535984,3.1969449520111084,0.005481472238898277,0.06259030103683472,,,,,
,0.001,12,,,,,,,,,,,,,,,
3,,15,,,,,,,,,,,0.06666667014360428,0.007435897830873728,3.2787885665893555,0.0040277778171002865,0.04833333566784859
3,,15,,,,,,0.07758620381355286,0.021861178800463676,3.1701242923736572,0.026380114257335663,0.05968567356467247,,,,,
,0.001,16,,,,,,,,,,,,,,,
4,,19,,,,,,,,,,,0.06666667014360428,0.007365079130977392,3.3901145458221436,0.0040027606301009655,0.04603174701333046
4,,19,,,,,,0.12068965286016464,0.037009913474321365,3.157020330429077,0.028855664655566216,0.0981907919049263,,,,,
,0.001,20,,,,,,,,,,,,,,,
5,,23,,,,,,,,,,,0.06666667014360428,0.012083333916962147,3.212092161178589,0.006904762703925371,0.04833333566784859
5,,23,,,,,,0.11206896603107452,0.029209760949015617,3.094148635864258,0.029357928782701492,0.08440928906202316,,,,,
,0.001,24,,,,,,,,,,,,,,,
6,,27,,,,,,,,,,,0.03333333507180214,0.015343916602432728,3.2390549182891846,0.011507936753332615,0.02301587350666523
6,,27,,,,,,0.17241379618644714,0.06988009065389633,2.9950735569000244,0.05445364862680435,0.16670751571655273,,,,,
,0.001,28,,,,,,,,,,,,,,,
7,,31,,,,,,,,,,,0.10000000149011612,0.08219954371452332,3.103628635406494,0.07825396955013275,0.09206349402666092
7,,31,,,,,,0.26724138855934143,0.14255152642726898,2.7662811279296875,0.13679036498069763,0.1977892965078354,,,,,
,0.001,32,,,,,,,,,,,,,,,
8,,35,,,,,,,,,,,0.13333334028720856,0.04782519489526749,3.033214569091797,0.03273368626832962,0.09206349402666092
8,,35,,,,,,0.3017241358757019,0.15584924817085266,2.6236634254455566,0.15636233985424042,0.2152412235736847,,,,,
,0.001,36,,,,,,,,,,,,,,,
9,,39,,,,,,,,,,,0.13333334028720856,0.0793650820851326,3.44012451171875,0.08857142925262451,0.10238096117973328
9,,39,,,,,,0.32758620381355286,0.18723833560943604,2.437485694885254,0.18642336130142212,0.2340068817138672,,,,,
,0.001,40,,,,,,,,,,,,,,,
10,,43,,,,,,,,,,,0.3333333432674408,0.1527417004108429,3.0275044441223145,0.1347474753856659,0.21969696879386902
10,,43,,,,,,0.4051724076271057,0.24127911031246185,2.25736665725708,0.22652198374271393,0.3209967315196991,,,,,
,0.001,44,,,,,,,,,,,,,,,
11,,47,,,,,,,,,,,0.3333333432674408,0.19699496030807495,2.9171109199523926,0.18381313979625702,0.24166665971279144
11,,47,,,,,,0.3448275923728943,0.21341653168201447,2.223125696182251,0.1973358392715454,0.28260233998298645,,,,,
,0.001,48,,,,,,,,,,,,,,,
12,,51,,,,,,,,,,,0.23333333432674408,0.10696901381015778,3.0038490295410156,0.10817460715770721,0.15343914926052094
12,,51,,,,,,0.517241358757019,0.4099715054035187,2.0398342609405518,0.4192168414592743,0.44621267914772034,,,,,
,0.001,52,,,,,,,,,,,,,,,
13,,55,,,,,,,,,,,0.20000000298023224,0.09227272868156433,3.2302470207214355,0.07140151411294937,0.14646464586257935
13,,55,,,,,,0.5344827771186829,0.36520424485206604,1.9164432287216187,0.34860679507255554,0.43288829922676086,,,,,
,0.001,56,,,,,,,,,,,,,,,
14,,59,,,,,,,,,,,0.4000000059604645,0.252407431602478,3.2798097133636475,0.2539418041706085,0.30687829852104187
14,,59,,,,,,0.5431034564971924,0.39889663457870483,1.7888423204421997,0.4065883159637451,0.4557330906391144,,,,,
,0.001,60,,,,,,,,,,,,,,,
15,,63,,,,,,,,,,,0.23333333432674408,0.12757369875907898,3.3593316078186035,0.10664021968841553,0.18412698805332184
15,,63,,,,,,0.6551724076271057,0.5339077711105347,1.676241397857666,0.5666732788085938,0.5654100179672241,,,,,
,0.001,64,,,,,,,,,,,,,,,
16,,67,,,,,,,,,,,0.20000000298023224,0.1205892264842987,3.2623062133789062,0.10409452021121979,0.17575758695602417
16,,67,,,,,,0.6982758641242981,0.5302098989486694,1.5877585411071777,0.5183552503585815,0.5752741098403931,,,,,
,0.001,68,,,,,,,,,,,,,,,
17,,71,,,,,,,,,,,0.4000000059604645,0.27739131450653076,2.9429028034210205,0.276690810918808,0.32222220301628113
17,,71,,,,,,0.7155172228813171,0.5749634504318237,1.4879261255264282,0.5766196250915527,0.6165570020675659,,,,,
,0.001,72,,,,,,,,,,,,,,,
18,,75,,,,,,,,,,,0.4333333373069763,0.2821088433265686,3.021562337875366,0.25624340772628784,0.3682539761066437
18,,75,,,,,,0.8275862336158752,0.7188112735748291,1.371229648590088,0.7177871465682983,0.7600840330123901,,,,,
,0.001,76,,,,,,,,,,,,,,,
19,,79,,,,,,,,,,,0.4333333373069763,0.29606783390045166,2.89414644241333,0.3039141297340393,0.35151517391204834
19,,79,,,,,,0.8103448152542114,0.6543852686882019,1.318647027015686,0.6527473330497742,0.6739278435707092,,,,,
,0.001,80,,,,,,,,,,,,,,,
20,,83,,,,,,,,,,,0.4333333373069763,0.34603866934776306,3.155526638031006,0.3292270600795746,0.392270565032959
20,,83,,,,,,0.8706896305084229,0.8235238790512085,1.2285172939300537,0.8325755000114441,0.8507111668586731,,,,,
,0.001,84,,,,,,,,,,,,,,,
21,,87,,,,,,,,,,,0.4999999701976776,0.36756351590156555,2.958298683166504,0.35847222805023193,0.4188888967037201
21,,87,,,,,,0.8879310488700867,0.7898845076560974,1.169486165046692,0.7988395690917969,0.8032712340354919,,,,,
,0.001,88,,,,,,,,,,,,,,,
22,,91,,,,,,,,,,,0.5,0.40318840742111206,2.871080160140991,0.4010869860649109,0.4396135210990906
22,,91,,,,,,0.9224137663841248,0.8903610110282898,1.1284583806991577,0.8950738310813904,0.906272292137146,,,,,
,0.001,92,,,,,,,,,,,,,,,
23,,95,,,,,,,,,,,0.4999999701976776,0.39633333683013916,2.612468719482422,0.38263893127441406,0.45111116766929626
23,,95,,,,,,0.9655172228813171,0.9503898620605469,1.0601428747177124,0.956384003162384,0.9539474248886108,,,,,
,0.001,96,,,,,,,,,,,,,,,
24,,99,,,,,,,,,,,0.5,0.39720335602760315,2.5463714599609375,0.40542328357696533,0.44761908054351807
24,,99,,,,,,0.9224137663841248,0.8909566402435303,1.0895864963531494,0.8966739773750305,0.907212495803833,,,,,
,0.001,100,,,,,,,,,,,,,,,
25,,103,,,,,,,,,,,0.5,0.38631314039230347,2.452399969100952,0.39510101079940796,0.3994949460029602
25,,103,,,,,,0.9568965435028076,0.9389097690582275,1.024819016456604,0.9418860077857971,0.9473684430122375,,,,,
,0.001,104,,,,,,,,,,,,,,,
26,,107,,,,,,,,,,,0.4333333373069763,0.36088889837265015,2.614591360092163,0.35847222805023193,0.4188888967037201
26,,107,,,,,,0.9655172228813171,0.9359993934631348,0.9782124161720276,0.9386825561523438,0.9435844421386719,,,,,
,0.001,108,,,,,,,,,,,,,,,
27,,111,,,,,,,,,,,0.5333333015441895,0.3936363458633423,2.4209930896759033,0.41340914368629456,0.4214646518230438
27,,111,,,,,,0.9741379022598267,0.9605262875556946,0.9454569220542908,0.9637061953544617,0.9633771777153015,,,,,
,0.001,112,,,,,,,,,,,,,,,
28,,115,,,,,,,,,,,0.5666666626930237,0.4660317599773407,2.454336404800415,0.4928836226463318,0.5166666507720947
28,,115,,,,,,0.9741379022598267,0.9530555605888367,0.9264324903488159,0.9534722566604614,0.9555555582046509,,,,,
,0.001,116,,,,,,,,,,,,,,,
29,,119,,,,,,,,,,,0.4999999701976776,0.44305557012557983,2.7843010425567627,0.46319445967674255,0.47527778148651123
29,,119,,,,,,0.9913793206214905,0.9929824471473694,0.911781370639801,0.9934210181236267,0.9956139922142029,,,,,
,0.001,120,,,,,,,,,,,,,,,
30,,123,,,,,,,,,,,0.5666666626930237,0.45068785548210144,2.2596354484558105,0.4621957540512085,0.4859788119792938
30,,123,,,,,,0.9913793206214905,0.9841269850730896,0.9088887572288513,0.9826388955116272,0.9861111640930176,,,,,
,0.001,124,,,,,,,,,,,,,,,
31,,127,,,,,,,,,,,0.5333333015441895,0.4229292571544647,2.369086980819702,0.43977272510528564,0.45075756311416626
31,,127,,,,,,0.9913793206214905,0.9814814925193787,0.8775583505630493,0.9791667461395264,0.9861111044883728,,,,,
,0.001,128,,,,,,,,,,,,,,,
32,,131,,,,,,,,,,,0.5333333015441895,0.4572857618331909,2.259824514389038,0.47236114740371704,0.4925000071525574
32,,131,,,,,,1.0,1.0,0.8641892671585083,1.0,1.0,,,,,
,0.001,132,,,,,,,,,,,,,,,
33,,135,,,,,,,,,,,0.4999999701976776,0.4253333508968353,2.243940591812134,0.4422500431537628,0.45916667580604553
33,,135,,,,,,1.0,1.0,0.8459876775741577,1.0,1.0,,,,,
,0.001,136,,,,,,,,,,,,,,,
34,,139,,,,,,,,,,,0.5666666626930237,0.4660317599773407,2.30820894241333,0.4928836226463318,0.5166666507720947
34,,139,,,,,,1.0,1.0,0.8266773819923401,1.0,1.0,,,,,
,0.001,140,,,,,,,,,,,,,,,
35,,143,,,,,,,,,,,0.5333333015441895,0.4561678171157837,2.3333942890167236,0.4859788119792938,0.5013227462768555
35,,143,,,,,,0.982758641242981,0.9551657438278198,0.8454184532165527,0.959795355796814,0.9528509378433228,,,,,
,0.001,144,,,,,,,,,,,,,,,
36,,147,,,,,,,,,,,0.46666666865348816,0.3472108840942383,2.2975833415985107,0.3720899522304535,0.3835979104042053
36,,147,,,,,,1.0,1.0,0.813732922077179,1.0,1.0,,,,,
,0.001,148,,,,,,,,,,,,,,,
37,,151,,,,,,,,,,,0.5333333015441895,0.43841272592544556,2.280984401702881,0.46679896116256714,0.4629630148410797
37,,151,,,,,,1.0,1.0,0.8054212331771851,1.0,1.0,,,,,
,0.001,152,,,,,,,,,,,,,,,
38,,155,,,,,,,,,,,0.5333333015441895,0.4138624966144562,2.3197274208068848,0.4130952060222626,0.4629630148410797
38,,155,,,,,,1.0,1.0,0.80833500623703,1.0,1.0,,,,,
,0.001,156,,,,,,,,,,,,,,,
39,,159,,,,,,,,,,,0.6333333253860474,0.5482832193374634,2.06919264793396,0.551432728767395,0.6014620065689087
39,,159,,,,,,1.0,1.0,0.7891739010810852,1.0,1.0,,,,,
,0.001,160,,,,,,,,,,,,,,,
40,,163,,,,,,,,,,,0.5666666626930237,0.4626399278640747,2.141850471496582,0.4700292646884918,0.5081871747970581
40,,163,,,,,,0.9913793206214905,0.9925925731658936,0.7995725870132446,0.993055522441864,0.9953703284263611,,,,,
,0.001,164,,,,,,,,,,,,,,,
41,,167,,,,,,,,,,,0.46666666865348816,0.4000529646873474,2.302171468734741,0.43611112236976624,0.4246031641960144
41,,167,,,,,,0.9913793206214905,0.9938775300979614,0.792965292930603,0.9940476417541504,0.9955357313156128,,,,,
,0.001,168,,,,,,,,,,,,,,,
42,,171,,,,,,,,,,,0.5333333015441895,0.41868484020233154,2.305349826812744,0.4130952060222626,0.4629630148410797
42,,171,,,,,,1.0,1.0,0.7883013486862183,1.0,1.0,,,,,
,0.001,172,,,,,,,,,,,,,,,
43,,175,,,,,,,,,,,0.4999999701976776,0.4046190679073334,2.312851905822754,0.3987500071525574,0.45111116766929626
43,,175,,,,,,1.0,1.0,0.7784726619720459,1.0,1.0,,,,,
,0.001,176,,,,,,,,,,,,,,,
44,,179,,,,,,,,,,,0.6000000238418579,0.5270844101905823,2.2789218425750732,0.5293859839439392,0.5845029950141907
44,,179,,,,,,1.0,1.0,0.7758599519729614,1.0,1.0,,,,,
,0.001,180,,,,,,,,,,,,,,,
45,,183,,,,,,,,,,,0.6000000238418579,0.5285379886627197,2.1603610515594482,0.532777726650238,0.5845029950141907
45,,183,,,,,,1.0,1.0,0.7672123312950134,1.0,1.0,,,,,
,0.001,184,,,,,,,,,,,,,,,
46,,187,,,,,,,,,,,0.5666666626930237,0.47340017557144165,2.211261510848999,0.4790935814380646,0.5257309675216675
46,,187,,,,,,1.0,1.0,0.7588235139846802,1.0,1.0,,,,,
,0.001,188,,,,,,,,,,,,,,,
47,,191,,,,,,,,,,,0.5,0.40388891100883484,2.2065749168395996,0.3918055593967438,0.46833333373069763
47,,191,,,,,,1.0,1.0,0.769944429397583,1.0,1.0,,,,,
,0.001,192,,,,,,,,,,,,,,,
48,,195,,,,,,,,,,,0.6000000238418579,0.47477778792381287,2.1378519535064697,0.493075430393219,0.5247222781181335
48,,195,,,,,,0.982758641242981,0.9772709608078003,0.7705956697463989,0.9769298434257507,0.9812865257263184,,,,,
,0.001,196,,,,,,,,,,,,,,,
49,,199,,,,,,,,,,,0.5,0.41593390703201294,2.2845051288604736,0.42402783036231995,0.4602777659893036
49,,199,,,,,,1.0,1.0,0.7482690215110779,1.0,1.0,,,,,
,0.001,200,,,,,,,,,,,,,,,
50,,203,,,,,,,,,,,0.5666666626930237,0.46557143330574036,2.243290424346924,0.47236114740371704,0.5086110830307007
50,,203,,,,,,1.0,1.0,0.7360792756080627,1.0,1.0,,,,,
,0.001,204,,,,,,,,,,,,,,,
51,,207,,,,,,,,,,,0.6000000238418579,0.5391979813575745,2.076777935028076,0.5463449954986572,0.5845029950141907
51,,207,,,,,,0.9913793206214905,0.9841269850730896,0.7681700587272644,0.9826388955116272,0.9861111044883728,,,,,
,0.001,208,,,,,,,,,,,,,,,
52,,211,,,,,,,,,,,0.5666666626930237,0.4728153645992279,2.053088426589966,0.48698827624320984,0.5081871747970581
52,,211,,,,,,1.0,1.0,0.7375415563583374,1.0,1.0,,,,,
,0.001,212,,,,,,,,,,,,,,,
53,,215,,,,,,,,,,,0.6666666865348816,0.5692397356033325,2.1274709701538086,0.5717836618423462,0.6269006133079529
53,,215,,,,,,1.0,1.0,0.738960325717926,1.0,1.0,,,,,
,0.001,216,,,,,,,,,,,,,,,
54,,219,,,,,,,,,,,0.6000000238418579,0.5406515598297119,2.0802102088928223,0.5497369170188904,0.5845029950141907
54,,219,,,,,,1.0,1.0,0.7394713759422302,1.0,1.0,,,,,
,0.001,220,,,,,,,,,,,,,,,
55,,223,,,,,,,,,,,0.5333333015441895,0.49801167845726013,2.157149314880371,0.5293859839439392,0.5505847930908203
55,,223,,,,,,1.0,1.0,0.7366781830787659,1.0,1.0,,,,,
,0.001,224,,,,,,,,,,,,,,,
56,,227,,,,,,,,,,,0.5,0.3739682734012604,2.25216007232666,0.3670634925365448,0.4246031641960144
56,,227,,,,,,1.0,1.0,0.738446831703186,1.0,1.0,,,,,
,0.001,228,,,,,,,,,,,,,,,
57,,231,,,,,,,,,,,0.5333333015441895,0.4143008291721344,2.2566769123077393,0.40542328357696533,0.4629630148410797
57,,231,,,,,,1.0,1.0,0.7232452034950256,1.0,1.0,,,,,
,0.001,232,,,,,,,,,,,,,,,
58,,235,,,,,,,,,,,0.6000000238418579,0.4991746246814728,2.1955933570861816,0.48847219347953796,0.5569444894790649
58,,235,,,,,,1.0,1.0000001192092896,0.7215387225151062,1.0000001192092896,1.0000001192092896,,,,,
,0.001,236,,,,,,,,,,,,,,,
59,,239,,,,,,,,,,,0.6666666865348816,0.5400277972221375,2.1179964542388916,0.541638970375061,0.5972222685813904
59,,239,,,,,,1.0,1.0,0.7144328951835632,1.0,1.0,,,,,
,0.001,240,,,,,,,,,,,,,,,
60,,243,,,,,,,,,,,0.6333333253860474,0.49169448018074036,2.0878336429595947,0.46913889050483704,0.573055624961853
60,,243,,,,,,1.0,1.0,0.716119647026062,1.0,1.0,,,,,
,0.001,244,,,,,,,,,,,,,,,
61,,247,,,,,,,,,,,0.5666666626930237,0.4309599697589874,2.0601048469543457,0.420767217874527,0.4859788715839386
61,,247,,,,,,1.0,1.0,0.7261192798614502,1.0,1.0,,,,,
,0.001,248,,,,,,,,,,,,,,,
62,,251,,,,,,,,,,,0.46666666865348816,0.38938891887664795,2.0742383003234863,0.3837500214576721,0.45222222805023193
62,,251,,,,,,1.0,1.0,0.7159742712974548,1.0,1.0,,,,,
,0.001,252,,,,,,,,,,,,,,,
63,,255,,,,,,,,,,,0.6333333253860474,0.5576106905937195,1.98239004611969,0.56330406665802,0.6099414825439453
63,,255,,,,,,0.9913793206214905,0.9823529720306396,0.7290600538253784,0.9803922176361084,0.9852941036224365,,,,,
,0.001,256,,,,,,,,,,,,,,,
64,,259,,,,,,,,,,,0.6000000238418579,0.5270844101905823,2.1004652976989746,0.5293859839439392,0.5929824709892273
64,,259,,,,,,1.0,1.0,0.7270506620407104,1.0,1.0,,,,,
,0.001,260,,,,,,,,,,,,,,,
65,,263,,,,,,,,,,,0.6000000238418579,0.5270844101905823,2.0641610622406006,0.5293859839439392,0.5929824709892273
65,,263,,,,,,1.0,1.0,0.7177954316139221,1.0,1.0,,,,,
,0.001,264,,,,,,,,,,,,,,,
66,,267,,,,,,,,,,,0.6333333253860474,0.4875132441520691,2.0447654724121094,0.47447091341018677,0.547354519367218
66,,267,,,,,,1.0,1.0,0.711825966835022,1.0,1.0,,,,,
,0.001,268,,,,,,,,,,,,,,,
67,,271,,,,,,,,,,,0.5333333611488342,0.45498746633529663,2.177569627761841,0.43669593334198,0.5257309675216675
67,,271,,,,,,1.0,1.0,0.7159345746040344,1.0,1.0,,,,,
,0.001,272,,,,,,,,,,,,,,,
68,,275,,,,,,,,,,,0.5333333015441895,0.41709277033805847,2.253385066986084,0.40219298005104065,0.48274850845336914
68,,275,,,,,,1.0,1.0,0.7136440873146057,1.0,1.0,,,,,
,0.001,276,,,,,,,,,,,,,,,
69,,279,,,,,,,,,,,0.5666666626930237,0.466952383518219,2.038362741470337,0.4643055498600006,0.5086111426353455
69,,279,,,,,,1.0,1.0,0.7101758122444153,1.0,1.0,,,,,
,0.001,280,,,,,,,,,,,,,,,
70,,283,,,,,,,,,,,0.5,0.42575398087501526,2.071326971054077,0.40388888120651245,0.5086110830307007
70,,283,,,,,,1.0,1.0,0.7264177799224854,1.0,1.0,,,,,
,0.001,284,,,,,,,,,,,,,,,
71,,287,,,,,,,,,,,0.46666666865348816,0.3718758821487427,2.0884881019592285,0.36654040217399597,0.41414138674736023
71,,287,,,,,,1.0,1.0,0.7185071110725403,1.0,1.0,,,,,
,0.001,288,,,,,,,,,,,,,,,
72,,291,,,,,,,,,,,0.6333333253860474,0.48521167039871216,2.0595085620880127,0.4714021384716034,0.547354519367218
72,,291,,,,,,1.0,1.0,0.7036289572715759,1.0,1.0,,,,,
,0.001,292,,,,,,,,,,,,,,,
73,,295,,,,,,,,,,,0.6333333253860474,0.5429531931877136,2.0683207511901855,0.5429532527923584,0.6099414825439453
73,,295,,,,,,1.0,1.0,0.7188722491264343,1.0,1.0,,,,,
,0.001,296,,,,,,,,,,,,,,,
74,,299,,,,,,,,,,,0.4000000059604645,0.3371428847312927,2.1420819759368896,0.32103171944618225,0.4015873372554779
74,,299,,,,,,1.0,1.0,0.7065421342849731,1.0,1.0,,,,,
,0.001,300,,,,,,,,,,,,,,,
75,,303,,,,,,,,,,,0.5666666626930237,0.48766666650772095,2.2876765727996826,0.4804166853427887,0.5408334136009216
75,,303,,,,,,1.0,1.0,0.7066434025764465,1.0,1.0,,,,,
,0.001,304,,,,,,,,,,,,,,,
76,,307,,,,,,,,,,,0.6333333253860474,0.5576106905937195,2.2234933376312256,0.56330406665802,0.6099414825439453
76,,307,,,,,,1.0,1.0,0.7064223289489746,1.0,1.0,,,,,
,0.001,308,,,,,,,,,,,,,,,
77,,311,,,,,,,,,,,0.6333333253860474,0.528174638748169,2.078094720840454,0.532777726650238,0.5730555653572083
77,,311,,,,,,1.0,1.0,0.7018580436706543,1.0,1.0,,,,,
,0.001,312,,,,,,,,,,,,,,,
78,,315,,,,,,,,,,,0.6333333253860474,0.5576106905937195,2.063070774078369,0.56330406665802,0.6099414825439453
78,,315,,,,,,1.0,1.0,0.7007355093955994,1.0,1.0,,,,,
,0.001,316,,,,,,,,,,,,,,,
79,,319,,,,,,,,,,,0.6000000238418579,0.5338680148124695,2.107630729675293,0.5378655791282654,0.5929824709892273
79,,319,,,,,,1.0,1.0,0.7002502679824829,1.0,1.0,,,,,
,0.001,320,,,,,,,,,,,,,,,
80,,323,,,,,,,,,,,0.6000000238418579,0.5391979813575745,2.0085744857788086,0.5463449954986572,0.5845029950141907
80,,323,,,,,,1.0,1.0,0.697300374507904,1.0,1.0,,,,,
,0.001,324,,,,,,,,,,,,,,,
81,,327,,,,,,,,,,,0.6333333253860474,0.5491311550140381,1.9345333576202393,0.5548245906829834,0.6014620065689087
81,,327,,,,,,1.0,1.0,0.6981852054595947,1.0,1.0,,,,,
,0.001,328,,,,,,,,,,,,,,,
82,,331,,,,,,,,,,,0.6000000238418579,0.5067335367202759,2.0610768795013428,0.48698827624320984,0.5845029354095459
82,,331,,,,,,1.0,1.0,0.7130487561225891,1.0,1.0,,,,,
,0.001,332,,,,,,,,,,,,,,,
83,,335,,,,,,,,,,,0.5,0.39284127950668335,2.0582172870635986,0.3837500214576721,0.4441666901111603
83,,335,,,,,,1.0,1.0,0.7036322355270386,1.0,1.0,,,,,
,0.001,336,,,,,,,,,,,,,,,
84,,339,,,,,,,,,,,0.6000000238418579,0.5198888778686523,1.9728108644485474,0.5287500619888306,0.5649999976158142
84,,339,,,,,,1.0,1.0,0.705599308013916,1.0,1.0,,,,,
,0.001,340,,,,,,,,,,,,,,,
85,,343,,,,,,,,,,,0.5333333015441895,0.4321136176586151,2.109152317047119,0.41067251563072205,0.5166666507720947
85,,343,,,,,,1.0,1.0,0.695149838924408,1.0,1.0,,,,,
,0.001,344,,,,,,,,,,,,,,,
86,,347,,,,,,,,,,,0.5666666626930237,0.4931662678718567,2.125398874282837,0.4785088002681732,0.5675439238548279
86,,347,,,,,,1.0,1.0,0.6916466951370239,1.0,1.0,,,,,
,0.001,348,,,,,,,,,,,,,,,
87,,351,,,,,,,,,,,0.6333333253860474,0.5200585126876831,1.987671971321106,0.5293859839439392,0.5675439238548279
87,,351,,,,,,1.0,1.0,0.6976425647735596,1.0,1.0,,,,,
,0.001,352,,,,,,,,,,,,,,,
88,,355,,,,,,,,,,,0.6333333253860474,0.4583597779273987,2.120952844619751,0.44531747698783875,0.5166666507720947
88,,355,,,,,,1.0,1.0,0.6899791359901428,1.0,1.0,,,,,
,0.001,356,,,,,,,,,,,,,,,
89,,359,,,,,,,,,,,0.6333333253860474,0.507805585861206,2.1226441860198975,0.49330559372901917,0.573055624961853
89,,359,,,,,,1.0,1.0,0.6869054436683655,1.0,1.0,,,,,
,0.001,360,,,,,,,,,,,,,,,
90,,363,,,,,,,,,,,0.6000000238418579,0.4991746246814728,1.958466649055481,0.48847219347953796,0.5569444894790649
90,,363,,,,,,1.0,1.0,0.6879222989082336,1.0,1.0,,,,,
,0.001,364,,,,,,,,,,,,,,,
91,,367,,,,,,,,,,,0.6333333253860474,0.51581871509552,2.0189061164855957,0.49207600951194763,0.6014620065689087
91,,367,,,,,,1.0,1.0,0.6858919262886047,1.0,1.0,,,,,
,0.001,368,,,,,,,,,,,,,,,
92,,371,,,,,,,,,,,0.6000000238418579,0.5067335367202759,2.228235960006714,0.48698827624320984,0.5845029354095459
92,,371,,,,,,1.0,1.0,0.6843940615653992,1.0,1.0,,,,,
,0.001,372,,,,,,,,,,,,,,,
93,,375,,,,,,,,,,,0.6333333253860474,0.5076795816421509,2.1729979515075684,0.5128306746482849,0.5550264716148376
93,,375,,,,,,1.0,1.0,0.6871764063835144,1.0,1.0,,,,,
,0.001,376,,,,,,,,,,,,,,,
94,,379,,,,,,,,,,,0.6000000238418579,0.5539766550064087,2.013054370880127,0.5548245906829834,0.5929824709892273
94,,379,,,,,,1.0,1.0,0.686583936214447,1.0,1.0,,,,,
,0.001,380,,,,,,,,,,,,,,,
95,,383,,,,,,,,,,,0.5666666626930237,0.4982539713382721,2.0491859912872314,0.4954678416252136,0.5421053171157837
95,,383,,,,,,1.0,1.0,0.6942926049232483,1.0,1.0,,,,,
,0.001,384,,,,,,,,,,,,,,,
96,,387,,,,,,,,,,,0.6000000238418579,0.4895079731941223,2.1978037357330322,0.4965277910232544,0.532777726650238
96,,387,,,,,,1.0,1.0,0.686769425868988,1.0,1.0,,,,,
,0.001,388,,,,,,,,,,,,,,,
97,,391,,,,,,,,,,,0.6333333253860474,0.507805585861206,2.099625825881958,0.49330559372901917,0.573055624961853
97,,391,,,,,,1.0,1.0,0.6850077509880066,1.0,1.0,,,,,
,0.001,392,,,,,,,,,,,,,,,
98,,395,,,,,,,,,,,0.6333333253860474,0.48521167039871216,2.058431625366211,0.4714021384716034,0.547354519367218
98,,395,,,,,,1.0,1.0,0.6864103674888611,1.0,1.0,,,,,
,0.001,396,,,,,,,,,,,,,,,
99,,399,,,,,,,,,,,0.6000000238418579,0.5135170817375183,2.013023853302002,0.520906388759613,0.5590643286705017
99,,399,,,,,,1.0,1.0,0.6712452173233032,1.0,1.0,,,,,
,0.001,400,,,,,,,,,,,,,,,
100,,403,,,,,,,,,,,0.5666666626930237,0.4897744059562683,2.0248608589172363,0.49546781182289124,0.5421053171157837
100,,403,,,,,,1.0,1.0,0.6890933513641357,1.0,1.0,,,,,
,0.001,404,,,,,,,,,,,,,,,
101,,407,,,,,,,,,,,0.6333333253860474,0.5576106905937195,1.9893243312835693,0.56330406665802,0.6099414825439453
101,,407,,,,,,1.0,1.0,0.6801634430885315,1.0,1.0,,,,,
,0.001,408,,,,,,,,,,,,,,,
102,,411,,,,,,,,,,,0.5666666626930237,0.49461987614631653,2.0068564414978027,0.47850877046585083,0.5675439238548279
102,,411,,,,,,1.0,1.0,0.6774252653121948,1.0,1.0,,,,,
,0.001,412,,,,,,,,,,,,,,,
103,,415,,,,,,,,,,,0.6333333253860474,0.524492084980011,2.024672746658325,0.5166666507720947,0.5730555653572083
103,,415,,,,,,1.0,1.0,0.6767489314079285,1.0,1.0,,,,,
,0.001,416,,,,,,,,,,,,,,,
104,,419,,,,,,,,,,,0.6333333253860474,0.5102222561836243,1.9887334108352661,0.4965277910232544,0.573055624961853
104,,419,,,,,,1.0,1.0,0.6800788640975952,1.0,1.0,,,,,
,0.001,420,,,,,,,,,,,,,,,
105,,423,,,,,,,,,,,0.6333333253860474,0.5576106905937195,1.973036527633667,0.56330406665802,0.6099414825439453
105,,423,,,,,,1.0,1.0,0.6818987727165222,1.0,1.0,,,,,
,0.001,424,,,,,,,,,,,,,,,
106,,427,,,,,,,,,,,0.5333333015441895,0.47935670614242554,2.1517510414123535,0.4700292646884918,0.5505847930908203
106,,427,,,,,,1.0,1.0,0.6703324317932129,1.0,1.0,,,,,
,0.001,428,,,,,,,,,,,,,,,
107,,431,,,,,,,,,,,0.6333333253860474,0.507805585861206,2.0276215076446533,0.49330559372901917,0.573055624961853
107,,431,,,,,,1.0,1.0,0.6784706115722656,1.0,1.0,,,,,
,0.001,432,,,,,,,,,,,,,,,
108,,435,,,,,,,,,,,0.6333333253860474,0.46906566619873047,2.018583059310913,0.4551515281200409,0.5239899158477783
108,,435,,,,,,1.0,1.0,0.6839805841445923,1.0,1.0,,,,,
,0.001,436,,,,,,,,,,,,,,,
109,,439,,,,,,,,,,,0.6333333253860474,0.5295555591583252,2.1466636657714844,0.5368055701255798,0.5811111330986023
109,,439,,,,,,1.0,1.0,0.6782659888267517,1.0,1.0,,,,,
,0.001,440,,,,,,,,,,,,,,,
110,,443,,,,,,,,,,,0.6333333253860474,0.5036842226982117,2.1134564876556396,0.5062280893325806,0.5596491694450378
110,,443,,,,,,1.0,1.0,0.679842472076416,1.0,1.0,,,,,
,0.001,444,,,,,,,,,,,,,,,
111,,447,,,,,,,,,,,0.6000000238418579,0.46131351590156555,2.0412633419036865,0.4449722170829773,0.5247222185134888
111,,447,,,,,,1.0,1.0,0.6783907413482666,1.0,1.0,,,,,
,0.001,448,,,,,,,,,,,,,,,
112,,451,,,,,,,,,,,0.6000000238418579,0.4852500259876251,2.0642688274383545,0.46913889050483704,0.5569444894790649
112,,451,,,,,,1.0,1.0,0.6741184592247009,1.0,1.0,,,,,
,0.001,452,,,,,,,,,,,,,,,
113,,455,,,,,,,,,,,0.5666666626930237,0.47661906480789185,2.1471524238586426,0.4643055498600006,0.5408332943916321
113,,455,,,,,,1.0,1.0,0.679765522480011,1.0,1.0,,,,,
,0.001,456,,,,,,,,,,,,,,,
114,,459,,,,,,,,,,,0.6000000238418579,0.5022514462471008,2.0807392597198486,0.4835965037345886,0.5845029354095459
114,,459,,,,,,1.0,1.0,0.6813634037971497,1.0,1.0,,,,,
,0.001,460,,,,,,,,,,,,,,,
115,,463,,,,,,,,,,,0.6333333253860474,0.5475080013275146,2.0347867012023926,0.5609722137451172,0.5811110734939575
115,,463,,,,,,1.0,1.0,0.6735203266143799,1.0,1.0,,,,,
,0.001,464,,,,,,,,,,,,,,,
116,,467,,,,,,,,,,,0.5333333015441895,0.41056349873542786,2.1289031505584717,0.3918055593967438,0.46027782559394836
116,,467,,,,,,1.0,1.0,0.6672008633613586,1.0,1.0,,,,,
,0.001,468,,,,,,,,,,,,,,,
117,,471,,,,,,,,,,,0.6000000238418579,0.462924599647522,2.146876335144043,0.43691667914390564,0.5247222185134888
117,,471,,,,,,1.0,1.0,0.6721078753471375,1.0,1.0,,,,,
,0.001,472,,,,,,,,,,,,,,,
118,,475,,,,,,,,,,,0.6000000238418579,0.49377191066741943,2.133077621459961,0.47511693835258484,0.5760233998298645
118,,475,,,,,,1.0,1.0,0.6835861206054688,1.0,1.0,,,,,
,0.001,476,,,,,,,,,,,,,,,
119,,479,,,,,,,,,,,0.6000000238418579,0.4870912730693817,2.0761778354644775,0.47316667437553406,0.5488889217376709
119,,479,,,,,,1.0,1.0,0.6735439300537109,1.0,1.0,,,,,
,0.001,480,,,,,,,,,,,,,,,
120,,483,,,,,,,,,,,0.6666666865348816,0.5529167056083679,1.992633581161499,0.5456666350364685,0.5972222685813904
120,,483,,,,,,1.0,1.0,0.6839804649353027,1.0,1.0,,,,,
,0.001,484,,,,,,,,,,,,,,,
121,,487,,,,,,,,,,,0.699999988079071,0.5331230163574219,2.017760753631592,0.5214999914169312,0.5891667008399963
121,,487,,,,,,1.0,1.0,0.6740679144859314,1.0,1.0,,,,,
,0.001,488,,,,,,,,,,,,,,,
122,,491,,,,,,,,,,,0.699999988079071,0.5677619576454163,2.067911386489868,0.5730555653572083,0.6133334040641785
122,,491,,,,,,1.0,1.0,0.674517810344696,1.0,1.0,,,,,
,0.001,492,,,,,,,,,,,,,,,
123,,495,,,,,,,,,,,0.6333333253860474,0.5118333697319031,2.095341920852661,0.5126388669013977,0.5730555653572083
123,,495,,,,,,1.0,1.0,0.6694796085357666,1.0,1.0,,,,,
,0.001,496,,,,,,,,,,,,,,,
124,,499,,,,,,,,,,,0.5666666626930237,0.4659166634082794,2.0606658458709717,0.4490000009536743,0.532777726650238
124,,499,,,,,,1.0,1.0,0.6699129939079285,1.0,1.0,,,,,
,0.001,500,,,,,,,,,,,,,,,
125,,503,,,,,,,,,,,0.5666666626930237,0.4636150896549225,1.9737225770950317,0.45302778482437134,0.5086110830307007
125,,503,,,,,,1.0,1.0,0.6719236969947815,1.0,1.0,,,,,
,0.001,504,,,,,,,,,,,,,,,
126,,507,,,,,,,,,,,0.5666666626930237,0.4820217490196228,2.0575554370880127,0.47426900267601013,0.5336257219314575
126,,507,,,,,,1.0,1.0,0.6653847098350525,1.0,1.0,,,,,
,0.001,508,,,,,,,,,,,,,,,
127,,511,,,,,,,,,,,0.5666666626930237,0.4634999930858612,2.1266908645629883,0.4481944441795349,0.532777726650238
127,,511,,,,,,1.0,1.0,0.6642086505889893,1.0,1.0,,,,,
,0.001,512,,,,,,,,,,,,,,,
128,,515,,,,,,,,,,,0.5333333015441895,0.4309599697589874,2.076233386993408,0.42767196893692017,0.4629630148410797
128,,515,,,,,,1.0,1.0,0.6713597774505615,1.0,1.0,,,,,
,0.001,516,,,,,,,,,,,,,,,
129,,519,,,,,,,,,,,0.6333333253860474,0.527932345867157,1.9815318584442139,0.5344736576080322,0.5760233998298645
129,,519,,,,,,1.0,1.0,0.6682960987091064,1.0,1.0,,,,,
,0.001,520,,,,,,,,,,,,,,,
130,,523,,,,,,,,,,,0.5,0.43772220611572266,2.0433061122894287,0.4320833384990692,0.4844444990158081
130,,523,,,,,,1.0,1.0,0.6659622192382812,1.0,1.0,,,,,
,0.001,524,,,,,,,,,,,,,,,
131,,527,,,,,,,,,,,0.5333333015441895,0.46672219038009644,2.0830039978027344,0.4481944441795349,0.5247222185134888
131,,527,,,,,,1.0,1.0,0.6776798963546753,1.0,1.0,,,,,
,0.001,528,,,,,,,,,,,,,,,
132,,531,,,,,,,,,,,0.6333333253860474,0.5454970598220825,1.9915881156921387,0.5463449954986572,0.6099414825439453
132,,531,,,,,,1.0,1.0,0.6640000343322754,1.0,1.0,,,,,
,0.001,532,,,,,,,,,,,,,,,
133,,535,,,,,,,,,,,0.6333333253860474,0.4430159032344818,2.0755057334899902,0.44531747698783875,0.4936508238315582
133,,535,,,,,,1.0,1.0,0.6790357232093811,1.0,1.0,,,,,
,0.001,536,,,,,,,,,,,,,,,
134,,539,,,,,,,,,,,0.6333333253860474,0.4583597779273987,2.1716725826263428,0.44531747698783875,0.5166666507720947
134,,539,,,,,,1.0,1.0,0.6753608584403992,1.0,1.0,,,,,
,0.001,540,,,,,,,,,,,,,,,
135,,543,,,,,,,,,,,0.6666666865348816,0.5411786437034607,2.094932794570923,0.541638970375061,0.5891667008399963
135,,543,,,,,,1.0,1.0,0.6676952838897705,1.0,1.0,,,,,
,0.001,544,,,,,,,,,,,,,,,
136,,547,,,,,,,,,,,0.6000000238418579,0.49595239758491516,1.9942570924758911,0.4844444692134857,0.5488889217376709
136,,547,,,,,,1.0,1.0,0.6751312613487244,1.0,1.0,,,,,
,0.001,548,,,,,,,,,,,,,,,
137,,551,,,,,,,,,,,0.6333333253860474,0.49546781182289124,2.051851511001587,0.47511693835258484,0.5675438642501831
137,,551,,,,,,1.0,1.0,0.6741440892219543,1.0,1.0,,,,,
,0.001,552,,,,,,,,,,,,,,,
138,,555,,,,,,,,,,,0.6666666865348816,0.5370175838470459,2.0945663452148438,0.53956139087677,0.5929824709892273
138,,555,,,,,,1.0,1.0,0.6691356897354126,1.0,1.0,,,,,
,0.001,556,,,,,,,,,,,,,,,
139,,559,,,,,,,,,,,0.6000000238418579,0.5259941220283508,2.0361268520355225,0.5259941816329956,0.5845029354095459
139,,559,,,,,,1.0,1.0,0.6669629216194153,1.0,1.0,,,,,
,0.001,560,,,,,,,,,,,,,,,
140,,563,,,,,,,,,,,0.6333333253860474,0.5454970598220825,1.9478721618652344,0.5463449954986572,0.6099414825439453
140,,563,,,,,,1.0,1.0,0.6648609638214111,1.0,1.0,,,,,
,0.001,564,,,,,,,,,,,,,,,
141,,567,,,,,,,,,,,0.6333333253860474,0.5013228058815002,2.039724349975586,0.5013228058815002,0.5550264716148376
141,,567,,,,,,1.0,1.0,0.6678999662399292,1.0,1.0,,,,,
,0.001,568,,,,,,,,,,,,,,,
142,,571,,,,,,,,,,,0.6000000238418579,0.46373018622398376,2.1282365322113037,0.4483862519264221,0.5320106744766235
142,,571,,,,,,1.0,1.0,0.6650815606117249,1.0,1.0,,,,,
,0.001,572,,,,,,,,,,,,,,,
143,,575,,,,,,,,,,,0.6000000238418579,0.4872305989265442,2.032125949859619,0.4835965037345886,0.5505847930908203
143,,575,,,,,,1.0,1.0,0.6711592078208923,1.0,1.0,,,,,
,0.001,576,,,,,,,,,,,,,,,
144,,579,,,,,,,,,,,0.6333333253860474,0.5185079574584961,1.953001856803894,0.5166666507720947,0.5730555653572083
144,,579,,,,,,1.0,1.0,0.6702696084976196,1.0,1.0,,,,,
,0.001,580,,,,,,,,,,,,,,,
145,,583,,,,,,,,,,,0.6333333253860474,0.5099811553955078,2.00246000289917,0.5135979056358337,0.547354519367218
145,,583,,,,,,1.0,1.0,0.6621394157409668,1.0,1.0,,,,,
,0.001,584,,,,,,,,,,,,,,,
146,,587,,,,,,,,,,,0.6666666865348816,0.5118333697319031,1.9841638803482056,0.5142499804496765,0.5649999976158142
146,,587,,,,,,1.0,1.0,0.6645686626434326,1.0,1.0,,,,,
,0.001,588,,,,,,,,,,,,,,,
147,,591,,,,,,,,,,,0.6000000238418579,0.440933495759964,2.0513830184936523,0.42537036538124084,0.5013228058815002
147,,591,,,,,,1.0,1.0,0.6648349165916443,1.0,1.0,,,,,
,0.001,592,,,,,,,,,,,,,,,
148,,595,,,,,,,,,,,0.6333333253860474,0.5335833430290222,2.0653884410858154,0.541638970375061,0.5811111330986023
148,,595,,,,,,1.0,1.0,0.6647273302078247,1.0,1.0,,,,,
,0.001,596,,,,,,,,,,,,,,,
149,,599,,,,,,,,,,,0.6000000238418579,0.5115789175033569,2.021862745285034,0.5242982506752014,0.5505847930908203
149,,599,,,,,,1.0,1.0,0.6655476093292236,1.0,1.0,,,,,
,0.001,600,,,,,,,,,,,,,,,
150,,603,,,,,,,,,,,0.6333333253860474,0.5192105174064636,2.0246827602386475,0.5259941816329956,0.5675439238548279
150,,603,,,,,,1.0,1.0,0.6648812890052795,1.0,1.0,,,,,
,0.001,604,,,,,,,,,,,,,,,
151,,607,,,,,,,,,,,0.6000000238418579,0.4739722013473511,2.1504061222076416,0.4610833525657654,0.532777726650238
151,,607,,,,,,1.0,1.0,0.6638241410255432,1.0,1.0,,,,,
,0.001,608,,,,,,,,,,,,,,,
152,,611,,,,,,,,,,,0.6333333253860474,0.5429531931877136,2.177666664123535,0.5429532527923584,0.6099414825439453
152,,611,,,,,,1.0,1.0,0.6693947911262512,1.0,1.0,,,,,
,0.001,612,,,,,,,,,,,,,,,
153,,615,,,,,,,,,,,0.6333333253860474,0.5491311550140381,2.1195273399353027,0.5548245906829834,0.6014620065689087
153,,615,,,,,,1.0,1.0,0.6654289364814758,1.0,1.0,,,,,
,0.001,616,,,,,,,,,,,,,,,
154,,619,,,,,,,,,,,0.6333333253860474,0.499750018119812,1.993767261505127,0.5053889155387878,0.5408334136009216
154,,619,,,,,,1.0,1.0,0.6675446033477783,1.0,1.0,,,,,
,0.001,620,,,,,,,,,,,,,,,
155,,623,,,,,,,,,,,0.6666666865348816,0.5166666507720947,1.963584542274475,0.5182777643203735,0.5649999976158142
155,,623,,,,,,1.0,1.0,0.6724058985710144,1.0,1.0,,,,,
,0.001,624,,,,,,,,,,,,,,,
156,,627,,,,,,,,,,,0.6000000238418579,0.44520238041877747,2.081061601638794,0.4449722170829773,0.5005555748939514
156,,627,,,,,,1.0,1.0,0.6635825037956238,1.0,1.0,,,,,
,0.001,628,,,,,,,,,,,,,,,
157,,631,,,,,,,,,,,0.6000000238418579,0.4806468188762665,2.0290610790252686,0.48524999618530273,0.5247222185134888
157,,631,,,,,,1.0,1.0,0.6669207811355591,1.0,1.0,,,,,
,0.001,632,,,,,,,,,,,,,,,
158,,635,,,,,,,,,,,0.6000000238418579,0.46833330392837524,1.991681694984436,0.47511693835258484,0.5166666507720947
158,,635,,,,,,1.0,1.0,0.6622852087020874,1.0,1.0,,,,,
,0.001,636,,,,,,,,,,,,,,,
159,,639,,,,,,,,,,,0.6333333253860474,0.5032023787498474,2.0108745098114014,0.5094166994094849,0.5488889217376709
159,,639,,,,,,1.0,1.0,0.6634504795074463,1.0,1.0,,,,,
,0.001,640,,,,,,,,,,,,,,,
160,,643,,,,,,,,,,,0.6666666865348816,0.5118333697319031,2.074195623397827,0.5142499804496765,0.5649999976158142
160,,643,,,,,,1.0,1.0,0.6678676009178162,1.0,1.0,,,,,
,0.001,644,,,,,,,,,,,,,,,
161,,647,,,,,,,,,,,0.6000000238418579,0.47155559062957764,2.2483620643615723,0.4481944441795349,0.5569444894790649
161,,647,,,,,,1.0,1.0,0.6696540713310242,1.0,1.0,,,,,
,0.001,648,,,,,,,,,,,,,,,
162,,651,,,,,,,,,,,0.6000000238418579,0.5107309818267822,2.1578447818756104,0.520906388759613,0.5505847930908203
162,,651,,,,,,1.0,1.0,0.6629788875579834,1.0,1.0,,,,,
,0.001,652,,,,,,,,,,,,,,,
163,,655,,,,,,,,,,,0.6666666865348816,0.5370175838470459,2.1045477390289307,0.53956139087677,0.5929824709892273
163,,655,,,,,,1.0,1.0,0.6642163991928101,1.0,1.0,,,,,
,0.001,656,,,,,,,,,,,,,,,
164,,659,,,,,,,,,,,0.6666666865348816,0.5255095958709717,2.1373329162597656,0.5217544436454773,0.5929824709892273
164,,659,,,,,,1.0,1.0,0.661222517490387,1.0,1.0,,,,,
,0.001,660,,,,,,,,,,,,,,,
165,,663,,,,,,,,,,,0.5666666626930237,0.431047648191452,2.0684092044830322,0.4119444489479065,0.5005555748939514
165,,663,,,,,,1.0,1.0,0.668289303779602,1.0,1.0,,,,,
,0.001,664,,,,,,,,,,,,,,,
166,,667,,,,,,,,,,,0.5333333015441895,0.41288602352142334,2.010596513748169,0.40974751114845276,0.44343435764312744
166,,667,,,,,,1.0,1.0,0.6640793085098267,1.0,1.0,,,,,
,0.001,668,,,,,,,,,,,,,,,
167,,671,,,,,,,,,,,0.6666666865348816,0.5118333697319031,1.9736148118972778,0.5142499804496765,0.5649999976158142
167,,671,,,,,,1.0,1.0,0.6617304086685181,1.0,1.0,,,,,
,0.001,672,,,,,,,,,,,,,,,
168,,675,,,,,,,,,,,0.6666666865348816,0.5370175838470459,2.0039174556732178,0.53956139087677,0.5929824709892273
168,,675,,,,,,1.0,1.0,0.6607035994529724,1.0,1.0,,,,,
,0.001,676,,,,,,,,,,,,,,,
169,,679,,,,,,,,,,,0.5666666626930237,0.4563870131969452,2.0843136310577393,0.4629629850387573,0.4936508238315582
169,,679,,,,,,1.0,1.0,0.6652571558952332,1.0,1.0,,,,,
,0.001,680,,,,,,,,,,,,,,,
170,,683,,,,,,,,,,,0.6333333253860474,0.4846746325492859,2.098662853240967,0.4763889014720917,0.5488888621330261
170,,683,,,,,,1.0,1.0,0.6683032512664795,1.0,1.0,,,,,
,0.001,684,,,,,,,,,,,,,,,
171,,687,,,,,,,,,,,0.6333333253860474,0.5336257815361023,2.0203793048858643,0.5251462459564209,0.6099414825439453
171,,687,,,,,,1.0,1.0,0.6589521765708923,1.0,1.0,,,,,
,0.001,688,,,,,,,,,,,,,,,
172,,691,,,,,,,,,,,0.6333333253860474,0.5177568793296814,2.0492055416107178,0.5175146460533142,0.5760233998298645
172,,691,,,,,,1.0,1.0,0.6627424955368042,1.0,1.0,,,,,
,0.001,692,,,,,,,,,,,,,,,
173,,695,,,,,,,,,,,0.5666666626930237,0.4965580701828003,2.1089026927948,0.503947377204895,0.5421053171157837
173,,695,,,,,,1.0,1.0,0.6692618727684021,1.0,1.0,,,,,
,0.001,696,,,,,,,,,,,,,,,
174,,699,,,,,,,,,,,0.5666666626930237,0.47477778792381287,2.070192813873291,0.4930754005908966,0.5086110830307007
174,,699,,,,,,1.0,1.0,0.6606320738792419,1.0,1.0,,,,,
,0.001,700,,,,,,,,,,,,,,,
175,,703,,,,,,,,,,,0.6000000238418579,0.5086716413497925,2.030355215072632,0.5124269127845764,0.5590643286705017
175,,703,,,,,,1.0,1.0,0.6602196097373962,1.0,1.0,,,,,
,0.001,704,,,,,,,,,,,,,,,
176,,707,,,,,,,,,,,0.5666666626930237,0.4999499022960663,2.007230281829834,0.48698827624320984,0.5675439238548279
176,,707,,,,,,1.0,1.0,0.660365641117096,1.0,1.0,,,,,
,0.001,708,,,,,,,,,,,,,,,
177,,711,,,,,,,,,,,0.6333333253860474,0.5166666507720947,1.9428467750549316,0.5243386626243591,0.5550264716148376
177,,711,,,,,,1.0,1.0,0.6610140204429626,1.0,1.0,,,,,
,0.001,712,,,,,,,,,,,,,,,
178,,715,,,,,,,,,,,0.6333333253860474,0.49353572726249695,1.9539369344711304,0.49330559372901917,0.5488888621330261
178,,715,,,,,,1.0,1.0,0.6580983996391296,1.0,1.0,,,,,
,0.001,716,,,,,,,,,,,,,,,
179,,719,,,,,,,,,,,0.6000000238418579,0.4779999852180481,2.0691750049591064,0.4836389124393463,0.5247222185134888
179,,719,,,,,,1.0,1.0,0.6615748405456543,1.0,1.0,,,,,
,0.001,720,,,,,,,,,,,,,,,
180,,723,,,,,,,,,,,0.6000000238418579,0.4779999852180481,2.060540199279785,0.4836389124393463,0.5247222185134888
180,,723,,,,,,1.0,1.0,0.6585357189178467,1.0,1.0,,,,,
,0.001,724,,,,,,,,,,,,,,,
181,,727,,,,,,,,,,,0.6333333253860474,0.49595239758491516,1.987451434135437,0.4965277910232544,0.5488888621330261
181,,727,,,,,,1.0,1.0,0.6561062335968018,1.0,1.0,,,,,
,0.001,728,,,,,,,,,,,,,,,
182,,731,,,,,,,,,,,0.6333333253860474,0.5177568793296814,1.9922147989273071,0.5175146460533142,0.5760233998298645
182,,731,,,,,,1.0,1.0,0.655326247215271,1.0,1.0,,,,,
,0.001,732,,,,,,,,,,,,,,,
183,,735,,,,,,,,,,,0.6666666865348816,0.5734795331954956,2.0320656299591064,0.5768713355064392,0.6269006133079529
183,,735,,,,,,1.0,1.0,0.6664857268333435,1.0,1.0,,,,,
,0.001,736,,,,,,,,,,,,,,,
184,,739,,,,,,,,,,,0.6666666865348816,0.5537222623825073,2.001837968826294,0.5569444894790649,0.5972222685813904
184,,739,,,,,,1.0,1.0,0.6524815559387207,1.0,1.0,,,,,
,0.001,740,,,,,,,,,,,,,,,
185,,743,,,,,,,,,,,0.6333333253860474,0.5007857084274292,1.9734610319137573,0.5005555748939514,0.5488888621330261
185,,743,,,,,,1.0,1.0,0.6599814891815186,1.0,1.0,,,,,
,0.001,744,,,,,,,,,,,,,,,
186,,747,,,,,,,,,,,0.6333333253860474,0.49353572726249695,2.0024499893188477,0.49330559372901917,0.5488888621330261
186,,747,,,,,,1.0,1.0,0.6574083566665649,1.0,1.0,,,,,
,0.001,748,,,,,,,,,,,,,,,
187,,751,,,,,,,,,,,0.6666666865348816,0.5118333697319031,2.0035557746887207,0.5142499804496765,0.5649999976158142
187,,751,,,,,,1.0,1.0,0.6597302556037903,1.0,1.0,,,,,
,0.001,752,,,,,,,,,,,,,,,
188,,755,,,,,,,,,,,0.6333333253860474,0.5032023787498474,2.086919069290161,0.5094166994094849,0.5488889217376709
188,,755,,,,,,1.0,1.0,0.6593948602676392,1.0,1.0,,,,,
,0.001,756,,,,,,,,,,,,,,,
189,,759,,,,,,,,,,,0.6333333253860474,0.5177568793296814,2.0982515811920166,0.5175146460533142,0.5760233998298645
189,,759,,,,,,1.0,1.0,0.660006582736969,1.0,1.0,,,,,
,0.001,760,,,,,,,,,,,,,,,
190,,763,,,,,,,,,,,0.6666666865348816,0.5472778081893921,2.078313112258911,0.5545278191566467,0.5891667008399963
190,,763,,,,,,1.0,1.0,0.6641907691955566,1.0,1.0,,,,,
,0.001,764,,,,,,,,,,,,,,,
191,,767,,,,,,,,,,,0.6333333253860474,0.5174722075462341,2.0828869342803955,0.5174722075462341,0.5811111330986023
191,,767,,,,,,1.0,1.0,0.6655973196029663,1.0,1.0,,,,,
,0.001,768,,,,,,,,,,,,,,,
192,,771,,,,,,,,,,,0.6333333253860474,0.4737734794616699,2.0424933433532715,0.46174243092536926,0.5239899158477783
192,,771,,,,,,1.0,1.0,0.6603516936302185,1.0,1.0,,,,,
,0.001,772,,,,,,,,,,,,,,,
193,,775,,,,,,,,,,,0.6333333253860474,0.4476190507411957,2.0123209953308105,0.4261375963687897,0.5166666507720947
193,,775,,,,,,1.0,1.0,0.6548486948013306,1.0,1.0,,,,,
,0.001,776,,,,,,,,,,,,,,,
194,,779,,,,,,,,,,,0.6333333253860474,0.449920654296875,1.9905511140823364,0.42920637130737305,0.5166666507720947
194,,779,,,,,,1.0,1.0,0.6571357846260071,1.0,1.0,,,,,
,0.001,780,,,,,,,,,,,,,,,
195,,783,,,,,,,,,,,0.5666666626930237,0.4345000088214874,2.0575826168060303,0.4151666760444641,0.5005555748939514
195,,783,,,,,,1.0,1.0,0.6550031304359436,1.0,1.0,,,,,
,0.001,784,,,,,,,,,,,,,,,
196,,787,,,,,,,,,,,0.6333333253860474,0.5522806644439697,2.0723016262054443,0.5548245906829834,0.6099414825439453
196,,787,,,,,,1.0,1.0,0.654497504234314,1.0,1.0,,,,,
,0.001,788,,,,,,,,,,,,,,,
197,,791,,,,,,,,,,,0.6000000238418579,0.47823017835617065,2.004422903060913,0.4763889014720917,0.532777726650238
197,,791,,,,,,1.0,1.0,0.6578481793403625,1.0,1.0,,,,,
,0.001,792,,,,,,,,,,,,,,,
198,,795,,,,,,,,,,,0.6000000238418579,0.4897381067276001,1.9695136547088623,0.4925000071525574,0.532777726650238
198,,795,,,,,,1.0,1.0,0.6544172763824463,1.0,1.0,,,,,
,0.001,796,,,,,,,,,,,,,,,
199,,799,,,,,,,,,,,0.6666666865348816,0.5190833806991577,2.0395565032958984,0.5214999914169312,0.5649999976158142
199,,799,,,,,,1.0,1.0,0.6557183265686035,1.0,1.0,,,,,
,0.001,800,,,,,,,,,,,,,,,
200,,803,,,,,,,,,,,0.699999988079071,0.5958897471427917,2.097675323486328,0.6014620065689087,0.6438596248626709
200,,803,,,,,,1.0,1.0,0.6574753522872925,1.0,1.0,,,,,
,0.001,804,,,,,,,,,,,,,,,
201,,807,,,,,,,,,,,0.6666666865348816,0.5370175838470459,1.9881458282470703,0.53956139087677,0.5929824709892273
201,,807,,,,,,1.0,1.0,0.6589879393577576,1.0,1.0,,,,,
,0.001,808,,,,,,,,,,,,,,,
202,,811,,,,,,,,,,,0.6333333253860474,0.48274853825569153,1.974829077720642,0.45900586247444153,0.5675438642501831
202,,811,,,,,,1.0,1.0,0.6573731899261475,1.0,1.0,,,,,
,0.001,812,,,,,,,,,,,,,,,
203,,815,,,,,,,,,,,0.6333333253860474,0.46833333373069763,1.9831715822219849,0.4457778036594391,0.5408332943916321
203,,815,,,,,,1.0,1.0,0.6538506746292114,1.0,1.0,,,,,
,0.001,816,,,,,,,,,,,,,,,
204,,819,,,,,,,,,,,0.6333333253860474,0.48274853825569153,1.9750829935073853,0.45900586247444153,0.5675438642501831
204,,819,,,,,,1.0,1.0,0.6569720506668091,1.0,1.0,,,,,
,0.001,820,,,,,,,,,,,,,,,
205,,823,,,,,,,,,,,0.6000000238418579,0.45730993151664734,2.023822546005249,0.42763155698776245,0.5505847930908203
205,,823,,,,,,1.0,1.0,0.6604229211807251,1.0,1.0,,,,,
,0.001,824,,,,,,,,,,,,,,,
206,,827,,,,,,,,,,,0.6666666865348816,0.5370175838470459,2.0181515216827393,0.53956139087677,0.5929824709892273
206,,827,,,,,,1.0,1.0,0.6586464047431946,1.0,1.0,,,,,
,0.001,828,,,,,,,,,,,,,,,
207,,831,,,,,,,,,,,0.6666666865348816,0.5129841566085815,1.9685574769973755,0.5166666507720947,0.5649999976158142
207,,831,,,,,,1.0,1.0,0.6580332517623901,1.0,1.0,,,,,
,0.001,832,,,,,,,,,,,,,,,
208,,835,,,,,,,,,,,0.6666666865348816,0.5129841566085815,1.958836317062378,0.5166666507720947,0.5649999976158142
208,,835,,,,,,1.0,1.0,0.6562365293502808,1.0,1.0,,,,,
,0.001,836,,,,,,,,,,,,,,,
209,,839,,,,,,,,,,,0.6666666865348816,0.5370175838470459,1.9483914375305176,0.53956139087677,0.5929824709892273
209,,839,,,,,,1.0,1.0,0.6515653729438782,1.0,1.0,,,,,
,0.001,840,,,,,,,,,,,,,,,
210,,843,,,,,,,,,,,0.6666666865348816,0.5190833806991577,1.9211779832839966,0.5214999914169312,0.5649999976158142
210,,843,,,,,,1.0,1.0,0.6510367393493652,1.0,1.0,,,,,
,0.001,844,,,,,,,,,,,,,,,
211,,847,,,,,,,,,,,0.6666666865348816,0.49365079402923584,1.9178950786590576,0.4951852262020111,0.5396825671195984
211,,847,,,,,,1.0,1.0,0.6507179141044617,1.0,1.0,,,,,
,0.001,848,,,,,,,,,,,,,,,
212,,851,,,,,,,,,,,0.6666666865348816,0.49365079402923584,1.947685718536377,0.4951852262020111,0.5396825671195984
212,,851,,,,,,1.0,1.0,0.664617121219635,1.0,1.0,,,,,
,0.001,852,,,,,,,,,,,,,,,
213,,855,,,,,,,,,,,0.6666666865348816,0.5370175838470459,2.099780321121216,0.53956139087677,0.5929824709892273
213,,855,,,,,,1.0,1.0,0.6561538577079773,1.0,1.0,,,,,
,0.001,856,,,,,,,,,,,,,,,
214,,859,,,,,,,,,,,0.6666666865348816,0.5370175838470459,2.0823466777801514,0.53956139087677,0.5929824709892273
214,,859,,,,,,1.0,1.0,0.6546885371208191,1.0,1.0,,,,,
,0.001,860,,,,,,,,,,,,,,,
215,,863,,,,,,,,,,,0.6333333253860474,0.5005555748939514,1.9160492420196533,0.5086110830307007,0.5408334136009216
215,,863,,,,,,1.0,1.0,0.6487295031547546,1.0,1.0,,,,,
,0.001,864,,,,,,,,,,,,,,,
216,,867,,,,,,,,,,,0.6000000238418579,0.45463889837265015,1.9052525758743286,0.43611112236976624,0.5247222185134888
216,,867,,,,,,1.0,1.0,0.6545444130897522,1.0,1.0,,,,,
,0.001,868,,,,,,,,,,,,,,,
217,,871,,,,,,,,,,,0.5666666626930237,0.43956348299980164,1.984370470046997,0.4191944897174835,0.5086111426353455
217,,871,,,,,,1.0,1.0,0.6467361450195312,1.0,1.0,,,,,
,0.001,872,,,,,,,,,,,,,,,
218,,875,,,,,,,,,,,0.6333333253860474,0.49595239758491516,1.9534624814987183,0.4965277910232544,0.5488888621330261
218,,875,,,,,,1.0,1.0,0.656386137008667,1.0,1.0,,,,,
,0.001,876,,,,,,,,,,,,,,,
219,,879,,,,,,,,,,,0.6666666865348816,0.5395614504814148,1.8831225633621216,0.5429531931877136,0.5929824709892273
219,,879,,,,,,1.0,1.0,0.653067946434021,1.0,1.0,,,,,
,0.001,880,,,,,,,,,,,,,,,
220,,883,,,,,,,,,,,0.6666666865348816,0.5166666507720947,1.8915882110595703,0.5182777643203735,0.5649999976158142
220,,883,,,,,,1.0,1.0,0.653184711933136,1.0,1.0,,,,,
,0.001,884,,,,,,,,,,,,,,,
221,,887,,,,,,,,,,,0.6333333253860474,0.48614034056663513,1.9740537405014038,0.46324560046195984,0.5675438642501831
221,,887,,,,,,1.0,1.0,0.6630868315696716,1.0,1.0,,,,,
,0.001,888,,,,,,,,,,,,,,,
222,,891,,,,,,,,,,,0.6333333253860474,0.48614034056663513,2.077645778656006,0.46324560046195984,0.5675438642501831
222,,891,,,,,,1.0,1.0,0.6546747088432312,1.0,1.0,,,,,
,0.001,892,,,,,,,,,,,,,,,
223,,895,,,,,,,,,,,0.6000000238418579,0.5118212103843689,2.0183534622192383,0.51581871509552,0.5590643286705017
223,,895,,,,,,1.0,1.0,0.6566414833068848,1.0,1.0,,,,,
,0.001,896,,,,,,,,,,,,,,,
224,,899,,,,,,,,,,,0.6333333253860474,0.5110277533531189,1.9145091772079468,0.5166666507720947,0.5488889217376709
224,,899,,,,,,1.0,1.0,0.6530846357345581,1.0,1.0,,,,,
,0.001,900,,,,,,,,,,,,,,,
225,,903,,,,,,,,,,,0.6666666865348816,0.5190833806991577,1.8993682861328125,0.5214999914169312,0.5649999976158142
225,,903,,,,,,1.0,1.0,0.6546995043754578,1.0,1.0,,,,,
,0.001,904,,,,,,,,,,,,,,,
226,,907,,,,,,,,,,,0.6666666865348816,0.5190833806991577,1.967760682106018,0.5214999914169312,0.5649999976158142
226,,907,,,,,,1.0,1.0,0.6572126150131226,1.0,1.0,,,,,
,0.001,908,,,,,,,,,,,,,,,
227,,911,,,,,,,,,,,0.6333333253860474,0.47075000405311584,1.9430285692214966,0.4490000009536743,0.5408332943916321
227,,911,,,,,,1.0,1.0,0.6549310088157654,1.0,1.0,,,,,
,0.001,912,,,,,,,,,,,,,,,
228,,915,,,,,,,,,,,0.6333333253860474,0.48868420720100403,1.9310303926467896,0.46663743257522583,0.5675438642501831
228,,915,,,,,,1.0,1.0,0.6530287265777588,1.0,1.0,,,,,
,0.001,916,,,,,,,,,,,,,,,
229,,919,,,,,,,,,,,0.6333333253860474,0.5310819149017334,1.9489880800247192,0.5378655791282654,0.5760233998298645
229,,919,,,,,,1.0,1.0,0.6533105969429016,1.0,1.0,,,,,
,0.001,920,,,,,,,,,,,,,,,
230,,923,,,,,,,,,,,0.6666666865348816,0.5190833806991577,1.9482284784317017,0.5214999914169312,0.5649999976158142
230,,923,,,,,,1.0,1.0,0.6494680047035217,1.0,1.0,,,,,
,0.001,924,,,,,,,,,,,,,,,
231,,927,,,,,,,,,,,0.6666666865348816,0.5395614504814148,1.992043137550354,0.5429531931877136,0.5929824709892273
231,,927,,,,,,1.0,1.0,0.6558534502983093,1.0,1.0,,,,,
,0.001,928,,,,,,,,,,,,,,,
232,,931,,,,,,,,,,,0.6666666865348816,0.5395614504814148,1.9838875532150269,0.5429531931877136,0.5929824709892273
232,,931,,,,,,1.0,1.0,0.6532915830612183,1.0,1.0,,,,,
,0.001,932,,,,,,,,,,,,,,,
233,,935,,,,,,,,,,,0.6333333253860474,0.5576106905937195,1.9675254821777344,0.56330406665802,0.6099414825439453
233,,935,,,,,,1.0,1.0,0.6561548709869385,1.0,1.0,,,,,
,0.001,936,,,,,,,,,,,,,,,
234,,939,,,,,,,,,,,0.6333333253860474,0.51228266954422,1.9517784118652344,0.5166666507720947,0.5550264716148376
234,,939,,,,,,1.0,1.0,0.6569717526435852,1.0,1.0,,,,,
,0.001,940,,,,,,,,,,,,,,,
235,,943,,,,,,,,,,,0.6333333253860474,0.5072301030158997,1.9025022983551025,0.5132143497467041,0.5488888621330261
235,,943,,,,,,1.0,1.0,0.6549728512763977,1.0,1.0,,,,,
,0.001,944,,,,,,,,,,,,,,,
236,,947,,,,,,,,,,,0.6333333253860474,0.528174638748169,1.9045662879943848,0.532777726650238,0.5730555653572083
236,,947,,,,,,1.0,1.0,0.6530872583389282,1.0,1.0,,,,,
,0.001,948,,,,,,,,,,,,,,,
237,,951,,,,,,,,,,,0.6666666865348816,0.5448611378669739,1.951871633529663,0.5456666946411133,0.5972222685813904
237,,951,,,,,,1.0,1.0,0.6509506106376648,1.0,1.0,,,,,
,0.001,952,,,,,,,,,,,,,,,
238,,955,,,,,,,,,,,0.6666666865348816,0.5370175838470459,2.0040388107299805,0.53956139087677,0.5929824709892273
238,,955,,,,,,1.0,1.0,0.650192379951477,1.0,1.0,,,,,
,0.001,956,,,,,,,,,,,,,,,
239,,959,,,,,,,,,,,0.6666666865348816,0.5370175838470459,1.9899953603744507,0.53956139087677,0.5929824709892273
239,,959,,,,,,1.0,1.0,0.6528795957565308,1.0,1.0,,,,,
,0.001,960,,,,,,,,,,,,,,,
240,,963,,,,,,,,,,,0.6666666865348816,0.5166666507720947,1.9513187408447266,0.5182777643203735,0.5649999976158142
240,,963,,,,,,1.0,1.0,0.6494556069374084,1.0,1.0,,,,,
,0.001,964,,,,,,,,,,,,,,,
241,,967,,,,,,,,,,,0.6666666865348816,0.5130050778388977,2.012606620788574,0.521060585975647,0.5459595918655396
241,,967,,,,,,1.0,1.0,0.6537767648696899,1.0,1.0,,,,,
,0.001,968,,,,,,,,,,,,,,,
242,,971,,,,,,,,,,,0.6333333253860474,0.49353572726249695,1.9345123767852783,0.49330559372901917,0.5488888621330261
242,,971,,,,,,1.0,1.0,0.6577163934707642,1.0,1.0,,,,,
,0.001,972,,,,,,,,,,,,,,,
243,,975,,,,,,,,,,,0.6666666865348816,0.5395614504814148,1.8719661235809326,0.5429531931877136,0.5929824709892273
243,,975,,,,,,1.0,1.0,0.6503095030784607,1.0,1.0,,,,,
,0.001,976,,,,,,,,,,,,,,,
244,,979,,,,,,,,,,,0.6666666865348816,0.49595239758491516,1.9364267587661743,0.4982540011405945,0.5396825671195984
244,,979,,,,,,1.0,1.0,0.6551346182823181,1.0,1.0,,,,,
,0.001,980,,,,,,,,,,,,,,,
245,,983,,,,,,,,,,,0.6333333253860474,0.4983690679073334,1.9742867946624756,0.4973333477973938,0.5488888621330261
245,,983,,,,,,1.0,1.0,0.6572364568710327,1.0,1.0,,,,,
,0.001,984,,,,,,,,,,,,,,,
246,,987,,,,,,,,,,,0.6666666865348816,0.5166666507720947,1.9255421161651611,0.5182777643203735,0.5649999976158142
246,,987,,,,,,1.0,1.0,0.655785858631134,1.0,1.0,,,,,
,0.001,988,,,,,,,,,,,,,,,
247,,991,,,,,,,,,,,0.6666666865348816,0.5166666507720947,1.9524626731872559,0.5182777643203735,0.5649999976158142
247,,991,,,,,,1.0,1.0,0.6499347686767578,1.0,1.0,,,,,
,0.001,992,,,,,,,,,,,,,,,
248,,995,,,,,,,,,,,0.6666666865348816,0.5370175838470459,1.980842113494873,0.53956139087677,0.5929824709892273
248,,995,,,,,,1.0,1.0,0.6540567874908447,1.0,1.0,,,,,
,0.001,996,,,,,,,,,,,,,,,
249,,999,,,,,,,,,,,0.6666666865348816,0.5166666507720947,1.9454267024993896,0.5182777643203735,0.5649999976158142
249,,999,,,,,,1.0,1.0,0.6501374840736389,1.0,1.0,,,,,
,0.001,1000,,,,,,,,,,,,,,,
250,,1003,,,,,,,,,,,0.6666666865348816,0.5166666507720947,1.939014196395874,0.5182777643203735,0.5649999976158142
250,,1003,,,,,,1.0,1.0,0.6516981720924377,1.0,1.0,,,,,
,0.001,1004,,,,,,,,,,,,,,,
251,,1007,,,,,,,,,,,0.6666666865348816,0.5395614504814148,1.9440408945083618,0.5429531931877136,0.5929824709892273
251,,1007,,,,,,1.0,1.0,0.650594174861908,1.0,1.0,,,,,
,0.001,1008,,,,,,,,,,,,,,,
252,,1011,,,,,,,,,,,0.6000000238418579,0.4897381067276001,1.958092451095581,0.4925000071525574,0.532777726650238
252,,1011,,,,,,1.0,1.0,0.65169757604599,1.0,1.0,,,,,
,0.001,1012,,,,,,,,,,,,,,,
253,,1015,,,,,,,,,,,0.6666666865348816,0.5363945364952087,1.9528478384017944,0.543518602848053,0.5703704357147217
253,,1015,,,,,,1.0,1.0,0.6499862670898438,1.0,1.0,,,,,
,0.001,1016,,,,,,,,,,,,,,,
254,,1019,,,,,,,,,,,0.699999988079071,0.5653452277183533,1.935543179512024,0.5698333382606506,0.6133334040641785
254,,1019,,,,,,1.0,1.0,0.6507798433303833,1.0,1.0,,,,,
,0.001,1020,,,,,,,,,,,,,,,
255,,1023,,,,,,,,,,,0.6666666865348816,0.5370175838470459,1.958369493484497,0.53956139087677,0.5929824709892273
255,,1023,,,,,,1.0,1.0,0.6511670351028442,1.0,1.0,,,,,
,0.001,1024,,,,,,,,,,,,,,,
256,,1027,,,,,,,,,,,0.6666666865348816,0.5370175838470459,1.9849106073379517,0.53956139087677,0.5929824709892273
256,,1027,,,,,,1.0,1.0,0.6532734632492065,1.0,1.0,,,,,
,0.001,1028,,,,,,,,,,,,,,,
257,,1031,,,,,,,,,,,0.6666666865348816,0.5370175838470459,1.9546754360198975,0.53956139087677,0.5929824709892273
257,,1031,,,,,,1.0,1.0,0.6492295265197754,1.0,1.0,,,,,
,0.001,1032,,,,,,,,,,,,,,,
258,,1035,,,,,,,,,,,0.6666666865348816,0.5464723110198975,1.9424070119857788,0.5496944189071655,0.5972222685813904
258,,1035,,,,,,1.0,1.0,0.6496360898017883,1.0,1.0,,,,,
,0.001,1036,,,,,,,,,,,,,,,
259,,1039,,,,,,,,,,,0.6666666865348816,0.5760233998298645,1.9246852397918701,0.5802631378173828,0.6269006133079529
259,,1039,,,,,,1.0,1.0,0.653201162815094,1.0,1.0,,,,,
,0.001,1040,,,,,,,,,,,,,,,
260,,1043,,,,,,,,,,,0.699999988079071,0.5933458209037781,1.9545398950576782,0.5980701446533203,0.6438596248626709
260,,1043,,,,,,1.0,1.0,0.6541290879249573,1.0,1.0,,,,,
,0.001,1044,,,,,,,,,,,,,,,
261,,1047,,,,,,,,,,,0.6333333253860474,0.48614034056663513,1.9884657859802246,0.46324560046195984,0.5675438642501831
261,,1047,,,,,,1.0,1.0,0.6505112051963806,1.0,1.0,,,,,
,0.001,1048,,,,,,,,,,,,,,,
262,,1051,,,,,,,,,,,0.6666666865348816,0.5251461863517761,1.9404582977294922,0.5183625817298889,0.5929824709892273
262,,1051,,,,,,1.0,1.0,0.654220700263977,1.0,1.0,,,,,
,0.001,1052,,,,,,,,,,,,,,,
263,,1055,,,,,,,,,,,0.6333333253860474,0.5005555748939514,1.8544737100601196,0.5086110830307007,0.5408334136009216
263,,1055,,,,,,1.0,1.0,0.6489277482032776,1.0,1.0,,,,,
,0.001,1056,,,,,,,,,,,,,,,
264,,1059,,,,,,,,,,,0.6666666865348816,0.597806990146637,1.8981391191482544,0.6071345210075378,0.6359649300575256
264,,1059,,,,,,1.0,1.0,0.6462835669517517,1.0,1.0,,,,,
,0.001,1060,,,,,,,,,,,,,,,
265,,1063,,,,,,,,,,,0.6333333253860474,0.5177568793296814,1.9712046384811401,0.5175146460533142,0.5760233998298645
265,,1063,,,,,,1.0,1.0,0.6524195075035095,1.0,1.0,,,,,
,0.001,1064,,,,,,,,,,,,,,,
266,,1067,,,,,,,,,,,0.6666666865348816,0.5370175838470459,1.9286186695098877,0.53956139087677,0.5929824709892273
266,,1067,,,,,,1.0,1.0,0.6469811797142029,1.0,1.0,,,,,
,0.001,1068,,,,,,,,,,,,,,,
267,,1071,,,,,,,,,,,0.6333333253860474,0.5073391795158386,1.8438388109207153,0.5047953128814697,0.5675439238548279
267,,1071,,,,,,1.0,1.0,0.6487279534339905,1.0,1.0,,,,,
,0.001,1072,,,,,,,,,,,,,,,
268,,1075,,,,,,,,,,,0.6333333253860474,0.5177568793296814,1.9350411891937256,0.5175146460533142,0.5760233998298645
268,,1075,,,,,,1.0,1.0,0.6457802057266235,1.0,1.0,,,,,
,0.001,1076,,,,,,,,,,,,,,,
269,,1079,,,,,,,,,,,0.6333333253860474,0.5177568793296814,2.0066986083984375,0.5175146460533142,0.5760233998298645
269,,1079,,,,,,1.0,1.0,0.6505200862884521,1.0,1.0,,,,,
,0.001,1080,,,,,,,,,,,,,,,
270,,1083,,,,,,,,,,,0.6333333253860474,0.5192105174064636,1.9113513231277466,0.5259941816329956,0.5675439238548279
270,,1083,,,,,,1.0,1.0,0.6495893597602844,1.0,1.0,,,,,
,0.001,1084,,,,,,,,,,,,,,,
271,,1087,,,,,,,,,,,0.6666666865348816,0.5395614504814148,1.877407193183899,0.5429531931877136,0.5929824709892273
271,,1087,,,,,,1.0,1.0,0.6538400053977966,1.0,1.0,,,,,
,0.001,1088,,,,,,,,,,,,,,,
272,,1091,,,,,,,,,,,0.6333333253860474,0.5203007459640503,1.9570391178131104,0.520906388759613,0.5760233998298645
272,,1091,,,,,,1.0,1.0,0.6478531956672668,1.0,1.0,,,,,
,0.001,1092,,,,,,,,,,,,,,,
273,,1095,,,,,,,,,,,0.6666666865348816,0.5395614504814148,1.9713960886001587,0.5429531931877136,0.5929824709892273
273,,1095,,,,,,1.0,1.0,0.6542319059371948,1.0,1.0,,,,,
,0.001,1096,,,,,,,,,,,,,,,
274,,1099,,,,,,,,,,,0.6333333253860474,0.5081871151924133,1.9012423753738403,0.5081871151924133,0.5675439238548279
274,,1099,,,,,,1.0,1.0,0.6451190710067749,1.0,1.0,,,,,
,0.001,1100,,,,,,,,,,,,,,,
275,,1103,,,,,,,,,,,0.6000000238418579,0.48274853825569153,1.8836928606033325,0.4776608347892761,0.5505847930908203
275,,1103,,,,,,1.0,1.0,0.6484915614128113,1.0,1.0,,,,,
,0.001,1104,,,,,,,,,,,,,,,
276,,1107,,,,,,,,,,,0.6000000238418579,0.5005555748939514,1.9621931314468384,0.503947377204895,0.5505847930908203
276,,1107,,,,,,1.0,1.0,0.6468541622161865,1.0,1.0,,,,,
,0.001,1108,,,,,,,,,,,,,,,
277,,1111,,,,,,,,,,,0.6333333253860474,0.5192105174064636,1.9713413715362549,0.5259941816329956,0.5675439238548279
277,,1111,,,,,,1.0,1.0,0.6488227248191833,1.0,1.0,,,,,
,0.001,1112,,,,,,,,,,,,,,,
278,,1115,,,,,,,,,,,0.6000000238418579,0.5107309818267822,1.928114652633667,0.520906388759613,0.5505847930908203
278,,1115,,,,,,1.0,1.0,0.6495461463928223,1.0,1.0,,,,,
,0.001,1116,,,,,,,,,,,,,,,
279,,1119,,,,,,,,,,,0.6000000238418579,0.4946199059486389,1.8933385610580444,0.4988596737384796,0.5505847930908203
279,,1119,,,,,,1.0,1.0,0.6473867893218994,1.0,1.0,,,,,
,0.001,1120,,,,,,,,,,,,,,,
280,,1123,,,,,,,,,,,0.6333333253860474,0.5109732747077942,1.9672883749008179,0.5090351700782776,0.5760233998298645
280,,1123,,,,,,1.0,1.0,0.6514991521835327,1.0,1.0,,,,,
,0.001,1124,,,,,,,,,,,,,,,
281,,1127,,,,,,,,,,,0.6666666865348816,0.5370175838470459,2.029005527496338,0.53956139087677,0.5929824709892273
281,,1127,,,,,,1.0,1.0,0.645467221736908,1.0,1.0,,,,,
,0.001,1128,,,,,,,,,,,,,,,
282,,1131,,,,,,,,,,,0.6666666865348816,0.5370175838470459,1.9328533411026,0.53956139087677,0.5929824709892273
282,,1131,,,,,,1.0,1.0,0.654547393321991,1.0,1.0,,,,,
,0.001,1132,,,,,,,,,,,,,,,
283,,1135,,,,,,,,,,,0.6333333253860474,0.5177568793296814,1.929843544960022,0.5175146460533142,0.5760233998298645
283,,1135,,,,,,1.0,1.0,0.6510187387466431,1.0,1.0,,,,,
,0.001,1136,,,,,,,,,,,,,,,
284,,1139,,,,,,,,,,,0.6333333253860474,0.5177568793296814,2.012815475463867,0.5175146460533142,0.5760233998298645
284,,1139,,,,,,1.0,1.0,0.6504529714584351,1.0,1.0,,,,,
,0.001,1140,,,,,,,,,,,,,,,
285,,1143,,,,,,,,,,,0.6666666865348816,0.5166666507720947,1.9910120964050293,0.5182777643203735,0.5649999976158142
285,,1143,,,,,,1.0,1.0,0.6492178440093994,1.0,1.0,,,,,
,0.001,1144,,,,,,,,,,,,,,,
286,,1147,,,,,,,,,,,0.6666666865348816,0.5190833806991577,1.923675775527954,0.5214999914169312,0.5649999976158142
286,,1147,,,,,,1.0,1.0,0.6463911533355713,1.0,1.0,,,,,
,0.001,1148,,,,,,,,,,,,,,,
287,,1151,,,,,,,,,,,0.6333333253860474,0.4983690679073334,1.9333864450454712,0.4973333477973938,0.5488888621330261
287,,1151,,,,,,1.0,1.0,0.6476620435714722,1.0,1.0,,,,,
,0.001,1152,,,,,,,,,,,,,,,
288,,1155,,,,,,,,,,,0.6666666865348816,0.5251461863517761,1.9608975648880005,0.5183625817298889,0.5929824709892273
288,,1155,,,,,,1.0,1.0,0.6465184688568115,1.0,1.0,,,,,
,0.001,1156,,,,,,,,,,,,,,,
289,,1159,,,,,,,,,,,0.6000000238418579,0.48329365253448486,1.955925703048706,0.4844444990158081,0.532777726650238
289,,1159,,,,,,1.0,1.0,0.6467337608337402,1.0,1.0,,,,,
,0.001,1160,,,,,,,,,,,,,,,
290,,1163,,,,,,,,,,,0.6666666865348816,0.5370175838470459,2.0070059299468994,0.53956139087677,0.5929824709892273
290,,1163,,,,,,1.0,1.0,0.6516379714012146,1.0,1.0,,,,,
,0.001,1164,,,,,,,,,,,,,,,
291,,1167,,,,,,,,,,,0.6000000238418579,0.5005555748939514,2.0462052822113037,0.503947377204895,0.5505847930908203
291,,1167,,,,,,1.0,1.0,0.6467531323432922,1.0,1.0,,,,,
,0.001,1168,,,,,,,,,,,,,,,
292,,1171,,,,,,,,,,,0.6666666865348816,0.5166666507720947,1.9968723058700562,0.5182777643203735,0.5649999976158142
292,,1171,,,,,,1.0,1.0,0.6469664573669434,1.0,1.0,,,,,
,0.001,1172,,,,,,,,,,,,,,,
293,,1175,,,,,,,,,,,0.6333333253860474,0.5080357193946838,1.9348080158233643,0.5134444832801819,0.5488888621330261
293,,1175,,,,,,1.0,1.0,0.6494998335838318,1.0,1.0,,,,,
,0.001,1176,,,,,,,,,,,,,,,
294,,1179,,,,,,,,,,,0.6666666865348816,0.49365079402923584,1.9321645498275757,0.4951852262020111,0.5396825671195984
294,,1179,,,,,,1.0,1.0,0.6512077450752258,1.0,1.0,,,,,
,0.001,1180,,,,,,,,,,,,,,,
295,,1183,,,,,,,,,,,0.6666666865348816,0.49365079402923584,1.9918205738067627,0.4951852262020111,0.5396825671195984
295,,1183,,,,,,1.0,1.0,0.6517009139060974,1.0,1.0,,,,,
,0.001,1184,,,,,,,,,,,,,,,
296,,1187,,,,,,,,,,,0.6333333253860474,0.4919246435165405,2.038099765777588,0.48927780985832214,0.5488888621330261
296,,1187,,,,,,1.0,1.0,0.6460716724395752,1.0,1.0,,,,,
,0.001,1188,,,,,,,,,,,,,,,
297,,1191,,,,,,,,,,,0.699999988079071,0.5701786279678345,1.9588505029678345,0.5738611221313477,0.6133334040641785
297,,1191,,,,,,1.0,1.0,0.6528032422065735,1.0,1.0,,,,,
,0.001,1192,,,,,,,,,,,,,,,
298,,1195,,,,,,,,,,,0.6666666865348816,0.5521112084388733,1.9338082075119019,0.5585556030273438,0.5891667008399963
298,,1195,,,,,,1.0,1.0,0.6489956378936768,1.0,1.0,,,,,
,0.001,1196,,,,,,,,,,,,,,,
299,,1199,,,,,,,,,,,0.6333333253860474,0.499750018119812,1.9642701148986816,0.5053889155387878,0.5408334136009216
299,,1199,,,,,,1.0,1.0,0.6507394909858704,1.0,1.0,,,,,
300,,1200,0.6333333253860474,0.5073391795158386,1.8438388109207153,0.5047953128814697,0.5675439238548279,,,,,,,,,,
300,,1200,0.5842167139053345,0.45549315214157104,1.9502679109573364,0.46208134293556213,0.49162909388542175,,,,,,,,,,
